category,title,url,last_modified
AP score calculators,AP Score Calculator Hub,https://onlineinternetcafe.com/ap-score-calculator/,
General calculators and solvers,Chemical Reaction Calculator,https://onlineinternetcafe.com/chemical-reaction-calculator/,
General calculators and solvers,Differential Equation Solver,https://onlineinternetcafe.com/differential-equation-solver/,
General calculators and solvers,Equation Plotter Calculator,https://onlineinternetcafe.com/equation-plotter-calculator/,
General calculators and solvers,Physics Formula Solver,https://onlineinternetcafe.com/physics-formula-solver/,
Main hubs and discovery,Calculator Sitemap.Xml,https://onlineinternetcafe.com/calculator-sitemap.xml,
Main hubs and discovery,Salar Cafe home,https://onlineinternetcafe.com/,
Main hubs and discovery,Sitemap Index.Xml,https://onlineinternetcafe.com/sitemap_index.xml,
Statistical calculators,Statistical Calculators Library,https://onlineinternetcafe.com/statistical-calculators/,
